[
  {
    "id": "c4c5817b-efe6-4b26-8d22-6e7a2f0419e2",
    "data": [
      {
        "text": "my favourite colour is ",
        "userDefined": false
      },
      {
        "text": "yellow",
        "alias": "color",
        "meta": "@sys.color",
        "userDefined": false
      }
    ],
    "isTemplate": false,
    "count": 0,
    "updated": 1534166142
  },
  {
    "id": "408321bd-7f06-4eab-9231-613ba87e3947",
    "data": [
      {
        "text": "my favourite colours are ",
        "userDefined": false
      },
      {
        "text": "blue",
        "alias": "color",
        "meta": "@sys.color",
        "userDefined": false
      },
      {
        "text": " and ",
        "userDefined": false
      },
      {
        "text": "black",
        "alias": "color1",
        "meta": "@sys.color",
        "userDefined": false
      }
    ],
    "isTemplate": false,
    "count": 0,
    "updated": 1534166142
  }
]