[
  {
    "id": "8f688213-62e7-4357-b635-de771c2619ab",
    "data": [
      {
        "text": "permissions",
        "userDefined": false
      }
    ],
    "isTemplate": false,
    "count": 0,
    "updated": 1534171195
  },
  {
    "id": "5e7444bf-12b8-4c0d-b9a3-3f8e3173b1e6",
    "data": [
      {
        "text": "name",
        "userDefined": false
      }
    ],
    "isTemplate": false,
    "count": 0,
    "updated": 1534171195
  },
  {
    "id": "bd4db0fc-851f-4086-b5fd-748c128a502e",
    "data": [
      {
        "text": "my name",
        "userDefined": false
      }
    ],
    "isTemplate": false,
    "count": 0,
    "updated": 1534171195
  },
  {
    "id": "d5a21b20-89ad-43c0-b8ee-be83311e8389",
    "data": [
      {
        "text": "location",
        "userDefined": false
      }
    ],
    "isTemplate": false,
    "count": 0,
    "updated": 1534171195
  },
  {
    "id": "647c5b14-5edb-4e9b-9b25-86dfee4c97c3",
    "data": [
      {
        "text": "my location",
        "userDefined": false
      }
    ],
    "isTemplate": false,
    "count": 0,
    "updated": 1534171195
  }
]