[
  {
    "id": "74abf010-8218-4e8e-b408-1d0bdbc7b29e",
    "data": [
      {
        "text": "suggestions chips",
        "userDefined": false
      }
    ],
    "isTemplate": false,
    "count": 0,
    "updated": 1534253436
  },
  {
    "id": "af554541-4790-402b-b253-eef839c342ef",
    "data": [
      {
        "text": "suggestions",
        "userDefined": false
      }
    ],
    "isTemplate": false,
    "count": 0,
    "updated": 1534253436
  },
  {
    "id": "8636f011-4493-4e9f-b832-d72ca7755bdd",
    "data": [
      {
        "text": "suggestion chips",
        "userDefined": false
      }
    ],
    "isTemplate": false,
    "count": 0,
    "updated": 1534253436
  }
]